{"train_loss":0.05381417274475098,"_wandb":{"runtime":211},"_runtime":211.348194212,"_step":2914,"generated_samples":{"path":"media/html/generated_samples_2828_50662bab286130cec6ec.html","_type":"html-file","sha256":"50662bab286130cec6ecf84697cef6d07915fe790185f6493b3e53f7429a27d4","size":926},"_timestamp":1.737984375820028e+09,"learning_rate":0.00029999313767753563,"grad_scale":131072}