{"learning_rate":0.00029999891759955943,"generated_samples":{"size":933,"path":"media/html/generated_samples_389_d0b84a2f90b0af4c5f63.html","_type":"html-file","sha256":"d0b84a2f90b0af4c5f632708bca5d78b2b53d1de483cd18430fb269a85f7392a"},"_timestamp":1.7379882867802484e+09,"_runtime":198.652579413,"_step":396,"global_step":1527,"train_loss":2.8746204376220703,"_wandb":{"runtime":198},"grad_scale":65536}