{"_wandb":{"runtime":2},"train_loss":10.89858341217041,"learning_rate":0.00029999999999979403,"grad_scale":65536,"_timestamp":1.7379837315433242e+09,"_runtime":2.437021255,"_step":0}