{"_timestamp":1.737984967953265e+09,"train_loss":0.17039762437343597,"learning_rate":0.00029999828678655506,"grad_scale":65536,"_wandb":{"runtime":97},"_runtime":97.373093055,"_step":1443,"generated_samples":{"sha256":"1f3b1f696cc76fa8e45d87280ca53dbd30f89ffa60784f64cdcf25de307d50cd","size":922,"path":"media/html/generated_samples_1001_1f3b1f696cc76fa8e45d.html","_type":"html-file"}}