{"_timestamp":1.7379841141043847e+09,"_runtime":61.619861386,"_step":859,"generated_samples":{"_type":"html-file","sha256":"2531a48ec1fcf1a3cb003960a45a6c9d1374b241d14b9d845db369386cfecc08","size":915,"path":"media/html/generated_samples_808_2531a48ec1fcf1a3cb00.html"},"train_loss":3.3477861881256104,"learning_rate":0.0002999999627055871,"grad_scale":65536,"_wandb":{"runtime":61}}