{"grad_scale":65536,"_timestamp":1.737983796073911e+09,"_runtime":58.759147555,"_step":885,"_wandb":{"runtime":58},"train_loss":3.563214063644409,"learning_rate":0.00029999995957480754}