{"_runtime":17.487836488,"_step":26,"_wandb":{"runtime":17},"train_loss":7.3374199867248535,"learning_rate":0.0002999999999401778,"grad_scale":65536,"_timestamp":1.7379877523297684e+09}