{"grad_scale":131072,"_timestamp":1.737987223463183e+09,"_runtime":1587.790841804,"_wandb":{"runtime":1588},"val_loss":0.013212694966659522,"_step":3173,"train_loss":0.04341822490096092,"epoch":1,"learning_rate":0.0002999253736672836}