{"_wandb":{"runtime":2},"_step":0,"train_loss":10.914340019226074,"learning_rate":0.00029999999999979403,"grad_scale":65536,"_timestamp":1.7379836054554539e+09,"_runtime":2.517041608}