{"grad_scale":65536,"_wandb":{"runtime":4},"_timestamp":1.7379848117919137e+09,"_runtime":4.020543448,"_step":1,"generated_samples":{"size":1323,"path":"media/html/generated_samples_0_359134de00e155e15321.html","_type":"html-file","sha256":"359134de00e155e1532113e23875126cfab2366c38c396a1a18746b5958402d7"},"train_loss":10.882828712463379,"learning_rate":0.0002999999999868215}