{"_wandb":{"runtime":50},"generated_samples":{"path":"media/html/generated_samples_77_3a7cfce5df66716a8b3e.html","_type":"html-file","sha256":"3a7cfce5df66716a8b3eb1b13203cce5cfd77957f9cbdfaf447f3f64e3e77e68","size":961},"global_step":351,"_step":90,"_runtime":49.840835291,"_timestamp":1.737988072672061e+09,"grad_scale":65536,"train_loss":5.7938008308410645,"learning_rate":0.0002999999993645227}