{"grad_scale":65536,"_wandb":{"runtime":38},"generated_samples":{"sha256":"1decaa976404276236943b4d74b623d0ebf8dea21aed1cc6c59f70fd5e079e46","size":1180,"path":"media/html/generated_samples_0_1decaa97640427623694.html","_type":"html-file"},"_timestamp":1.7379848613072305e+09,"_runtime":38.634487053,"_step":369,"train_loss":3.271796703338623,"learning_rate":0.00029999955130785295}