{"train_loss":6.3663153648376465,"learning_rate":0.00029999999772872826,"grad_scale":65536,"_timestamp":1.7379856054197311e+09,"_runtime":15.389561704,"_wandb":{"runtime":15},"_step":34}