{"_timestamp":1.7379855751757028e+09,"_runtime":28.770727079,"_step":106,"_wandb":{"runtime":28},"train_loss":5.09278678894043,"learning_rate":0.00029999999056601584,"grad_scale":65536}