{"learning_rate":0.0002999999218320011,"grad_scale":65536,"_wandb":{"runtime":58},"_timestamp":1.737985537832785e+09,"_runtime":58.684030732,"_step":153,"train_loss":4.413314342498779}